INSERT INTO "DOCTOR" ("ID", "NAME", "LASTNAME", "SURNAME", "SPECIALIZATION")
VALUES (1,
        'doctor_name1',
        'doctor_last_name1',
        'doctor_surname1',
        'Simple Doctor'),
       (2,
        'doctor_name2',
        'doctor_last_name2',
        'doctor_surname2',
        'Super-Puper doctor');

INSERT INTO "PATIENT" ("ID", "NAME", "LASTNAME", "SURNAME", "PHONENUMBER")
VALUES (1,
        'patient_name1',
        'patient_last_name1',
        'patient_surname1',
        '+78005553535'),
       (2,
        'patient_name2',
        'patient_last_name2',
        'patient_surname2',
        '+78005553535'),
       (3,
        'patient_name3',
        'patient_last_name3',
        'patient_surname3',
        '+78005553535'),
       (4,
        'patient_name4',
        'patient_last_name4',
        'patient_surname4',
        '+78005553535'),
       (5,
        'patient_name5',
        'patient_last_name5',
        'patient_surname5',
        '+73021442244');

INSERT INTO "RECIPE" ("ID", "DESCRIPTION", "ID_PATIENT", "ID_DOCTOR", "CREATEDATE", "VALIDITY", "PRIORITY")
VALUES (1,
        'description1',
        1,
        1,
        '2019-08-01',
        '2019-12-11',
        'NORMAL'),
       (2,
        'description2',
        1,
        2,
        '2018-03-16',
        '2018-04-30',
        'CITO'),
       (3,
        'description3',
        1,
        2,
        '2020-10-10',
        '2020-10-20',
        'STATIM'),
       (4,
        'description4',
        2,
        2,
        '2020-01-01',
        '2020-01-11',
        'CITO'),
       (5,
        'description5',
        3,
        2,
        '2020-01-02',
        '2020-05-25',
        'CITO'),
       (6,
        'description6',
        3,
        2,
        '2020-11-11',
        '2020-12-11',
        'CITO'),
       (7,
        'description7',
        5,
        2,
        '2020-06-17',
        '2020-06-18',
        'NORMAL');

SELECT *
FROM DOCTOR;
SELECT *
FROM PATIENT;
SELECT *
FROM RECIPE;